{"car_inertia": 255.3943634033203, "wheel_Bf": 16.593772888183594, "wheel_Cf": 1.435689091682434, "wheel_Df": 1046.6373291015625, "wheel_Br": -34.48027038574219, "wheel_Cr": -0.2566242218017578, "wheel_Dr": 2381.520263671875, "drivetrain.car_Tm0": 14.092889785766602, "drivetrain.car_Tm1": 20.969276428222656, "drivetrain.car_Tm2": -38.2457275390625, "drivetrain.car_Tr0": 0.7595053315162659, "drivetrain.car_Tr1": 86.74829864501953, "drivetrain.car_Tr2": 8.301701545715332}