{"car_Tm0": 14.092889785766602, "car_Tm1": 20.969276428222656, "car_Tm2": -38.2457275390625, "car_Tr0": 0.7595053315162659, "car_Tr1": 86.74829864501953, "car_Tr2": 8.301701545715332}